normalized_id,provider_record_id,event_at,event_minute_ts,source_chain_canonical,destination_chain_canonical,source_token_symbol,destination_token_symbol,amount_in,amount_out,source_price_usd,destination_price_usd,input_usd,output_usd,implementation_shortfall_bps
0xf7ed3e49a3a75e31040f7c993c8afda4f786e552424f086f3f676144229dbb80,0xf7ed3e49a3a75e31040f7c993c8afda4f786e552424f086f3f676144229dbb80,2026-02-05T11:41:23.000Z,1770291660,eip155:1,eip155:1,USDT,CBBTC,2500,0.03535165,1,70568.76,2500,2494.72210445,21.111582
0x38c3b7356708c6e91d1d3ad2ebdd551973aa0f4e0997d9c8d6aacbe326e3a726,0x38c3b7356708c6e91d1d3ad2ebdd551973aa0f4e0997d9c8d6aacbe326e3a726,2026-02-05T19:17:59.000Z,1770319020,eip155:1,eip155:1,USDT,CBBTC,2000,0.03008422,1,66345.98,2000,1995.96705844,20.164708
0x1c15fa55787267b2a09faea75dc0ef23e6f255a8fe027faf66d1713343c3074d,0x1c15fa55787267b2a09faea75dc0ef23e6f255a8fe027faf66d1713343c3074d,2026-02-05T19:36:35.000Z,1770320160,eip155:1,eip155:1,USDT,CBBTC,1000,0.01515451,1,65813.22,1000,997.36710062,26.328994
0xf24eb05cc48bbb1f20e88c027c3fe26e6693b53de976a26291204f716ca42284,0xf24eb05cc48bbb1f20e88c027c3fe26e6693b53de976a26291204f716ca42284,2026-02-06T03:42:23.000Z,1770349320,eip155:1,eip155:1,USDT,CBBTC,4495.457955,0.06929272,1,64490.16,4495.457955,4468.69859964,59.525316
0xbbd6dff996c5954941f49e86a0c5b8a7304f5bdd301f1b6001ef6f2e03745382,0xbbd6dff996c5954941f49e86a0c5b8a7304f5bdd301f1b6001ef6f2e03745382,2026-02-06T03:50:11.000Z,1770349800,eip155:1,eip155:1,USDT,CBBTC,4490,0.06981031,1,63990,4490,4467.1617369,50.864729
0x08387c0022e05628cebb2f7be79470b317c3292da48b7e5b806fd04b159c4533,0x08387c0022e05628cebb2f7be79470b317c3292da48b7e5b806fd04b159c4533,2026-02-06T04:44:59.000Z,1770353040,eip155:1,eip155:1,USDT,CBBTC,910,0.01403706,1,64686,910,908.00126316,21.964141
0xba23d40ce2a5f0a5c402c2c09895fe0beba13e9ebeabb45c00e2ab01c0614a23,0xba23d40ce2a5f0a5c402c2c09895fe0beba13e9ebeabb45c00e2ab01c0614a23,2026-02-06T16:23:11.000Z,1770394980,eip155:1,eip155:1,USDT,CBBTC,3400,0.04878193,1,69705.18,3400,3400.3532114,-1.038857
0x2349b8e75d5da3a2d6eb4b2feae54b61d8f23318fc3347f8f8feec689129f9ad,0x2349b8e75d5da3a2d6eb4b2feae54b61d8f23318fc3347f8f8feec689129f9ad,2026-02-06T21:45:11.000Z,1770414300,eip155:1,eip155:1,USDT,CBBTC,1000,0.01422991,1,70238.03,1000,999.48084548,5.191545
0x13362d29743362f903c2a4d2ea729b69a6a13972bfa7f1d311c3d061fe9aa81a,0x13362d29743362f903c2a4d2ea729b69a6a13972bfa7f1d311c3d061fe9aa81a,2026-02-06T21:47:23.000Z,1770414420,eip155:1,eip155:1,USDT,CBBTC,4335.467956,0.0616318,1,70212,4335.467956,4327.2919416,18.858436
0xaaddfd3ac7dd6f853f4ad996c95a7eff64eb1f6e2d1e2b4569788e654814c684,0xaaddfd3ac7dd6f853f4ad996c95a7eff64eb1f6e2d1e2b4569788e654814c684,2026-02-06T22:09:11.000Z,1770415740,eip155:1,eip155:1,USDT,CBBTC,73.626715,0.00104166,1,70593.35,73.626715,73.53426896,12.556046
0x122aa25f7e60661f3b771fc82bbca01cd413740a5c664474df8b26a5f6ee7c20,0x122aa25f7e60661f3b771fc82bbca01cd413740a5c664474df8b26a5f6ee7c20,2026-02-07T01:16:11.000Z,1770426960,eip155:1,eip155:1,USDT,CBBTC,80.668079,0.00115304,1,69962.82,80.668079,80.66992997,-0.229455
0x4021da28d063cbd9f1a6556bea591565789996563b88f61b0ac012653576cc67,0x4021da28d063cbd9f1a6556bea591565789996563b88f61b0ac012653576cc67,2026-02-07T03:28:11.000Z,1770434880,eip155:1,eip155:1,USDT,CBBTC,3506.738822,0.04948149,1,70784.01,3506.738822,3502.49828297,12.092543
0x9d8228106672064c120deee473c96e38b597665688358ae8d6832b64dbf9baf2,0x9d8228106672064c120deee473c96e38b597665688358ae8d6832b64dbf9baf2,2026-02-09T13:23:59.000Z,1770643380,eip155:1,eip155:1,USDT,CBBTC,20774.326727,0.30002224,1,69121.31,20774.326727,20737.93025793,17.519927
0x5e864e26855cdd6d157fca53fbb54dab2cf119804087113ff6ae2c7e18bf157e,0x5e864e26855cdd6d157fca53fbb54dab2cf119804087113ff6ae2c7e18bf157e,2026-02-11T22:57:11.000Z,1770850620,eip155:1,eip155:1,USDT,CBBTC,309,0.00457756,1,67396.03,309,308.50937109,15.877958
0xd90c0d2387968f7696d7c1405ea2f003b92f564e0bf7dc8afd8d22cd851f4be8,0xd90c0d2387968f7696d7c1405ea2f003b92f564e0bf7dc8afd8d22cd851f4be8,2026-02-12T04:11:35.000Z,1770869460,eip155:1,eip155:1,USDT,CBBTC,100,0.00146528,1,67583.27,100,99.02841387,97.158613
0x8738b3b3d2c6fa154f6861ca59402c7fc7405281db6e007ea26de876d49f9781,0x8738b3b3d2c6fa154f6861ca59402c7fc7405281db6e007ea26de876d49f9781,2026-02-12T11:04:35.000Z,1770894240,eip155:1,eip155:1,USDT,CBBTC,41978.570201,0.61654989,1,68002.4,41978.570201,41926.87223974,12.315322
0xb2276e24c023f6fd0ae88118489966b1603e68f776bda5cbae049dab353178dc,0xb2276e24c023f6fd0ae88118489966b1603e68f776bda5cbae049dab353178dc,2026-02-12T17:26:47.000Z,1770917160,eip155:1,eip155:1,USDT,CBBTC,700,0.01058443,1,66053.92,700,699.14309247,12.241536
0x8ee7ee6e10975d30c8ec613cd4d75e1c46ab292bcf483677054d941b28fd6f38,0x8ee7ee6e10975d30c8ec613cd4d75e1c46ab292bcf483677054d941b28fd6f38,2026-02-13T09:39:59.000Z,1770975540,eip155:1,eip155:1,USDT,CBBTC,67623.34506,1.01103008,1,66803.4,67623.34506,67540.24684627,12.288391
0xe78647c69937e13ccba33822b790cc739244e3d3545848a1304f2507bad67829,0xe78647c69937e13ccba33822b790cc739244e3d3545848a1304f2507bad67829,2026-02-13T17:10:47.000Z,1771002600,eip155:1,eip155:1,USDT,CBBTC,1000,0.01454893,1,68655.82,1000,998.86871927,11.312807
0x130f05120f641675cc4676834d6f34b3a7f12afdf02e0117c79a2103a6f1143a,0x130f05120f641675cc4676834d6f34b3a7f12afdf02e0117c79a2103a6f1143a,2026-02-14T17:19:35.000Z,1771089540,eip155:1,eip155:1,USDT,CBBTC,235.11,0.00336624,1,69811.48,235.11,235.00219644,4.585239
0xf2eec6cbd92c7bdf2bc84e8229ca62567cb3299dddcb5359fd11ef20c504d468,0xf2eec6cbd92c7bdf2bc84e8229ca62567cb3299dddcb5359fd11ef20c504d468,2026-02-16T03:39:23.000Z,1771213140,eip155:1,eip155:1,USDT,CBBTC,101,0.00148037,1,68221.06,101,100.99241059,0.751427
0xd1cc2bb3a50c04e3bdc92b4e694be85ddf966ee5f918b315c6dc5b3b80caf286,0xd1cc2bb3a50c04e3bdc92b4e694be85ddf966ee5f918b315c6dc5b3b80caf286,2026-02-16T08:58:59.000Z,1771232280,eip155:1,eip155:1,USDT,CBBTC,18.835725,0.00027374,1,68735.38,18.835725,18.81562292,10.672315
0x13c195893e0e15a1d2fc4e4dc7f19e7cf06fb8b5dcc89494a5eef6155eb28038,0x13c195893e0e15a1d2fc4e4dc7f19e7cf06fb8b5dcc89494a5eef6155eb28038,2026-02-16T19:00:23.000Z,1771268400,eip155:1,eip155:1,USDT,CBBTC,3.37396,0.00004973,1,67868.78,3.37396,3.37511443,-3.421586
0x00c3b36d906dc481a42487772b53ace0468236627ca5c7c0f1c5640d5643ebb4,0x00c3b36d906dc481a42487772b53ace0468236627ca5c7c0f1c5640d5643ebb4,2026-02-16T19:24:35.000Z,1771269840,eip155:1,eip155:1,USDT,CBBTC,3.375224,0.00004967,1,67957.12,3.375224,3.37543015,-0.610775
0x44acb8acd7b3fe1d9ad3abae0addcbf7716083fd57cde0c078dbd64c85e423d5,0x44acb8acd7b3fe1d9ad3abae0addcbf7716083fd57cde0c078dbd64c85e423d5,2026-02-16T19:39:23.000Z,1771270740,eip155:1,eip155:1,USDT,CBBTC,3.382675,0.00004976,1,68023.9,3.382675,3.38486926,-6.486772
0x87691c046922eb7912d4d601b434478ca6395230f7ca2b7ee15722a8594c10ed,0x87691c046922eb7912d4d601b434478ca6395230f7ca2b7ee15722a8594c10ed,2026-02-16T19:49:11.000Z,1771271340,eip155:1,eip155:1,USDT,CBBTC,3.380841,0.00004964,1,67950.01,3.380841,3.3730385,23.078588
0x6d8b3544a8bbebc195c36f47a5d72e3d79fc819eee7bf71f916b88e69091f04a,0x6d8b3544a8bbebc195c36f47a5d72e3d79fc819eee7bf71f916b88e69091f04a,2026-02-16T21:44:23.000Z,1771278240,eip155:1,eip155:1,USDT,CBBTC,6.757025,0.00009861,1,68511.52,6.757025,6.75592099,1.633874
0x966567bda24df30cb99db1655cb29a4afb85477182938fc6acd1d468f42a36a7,0x966567bda24df30cb99db1655cb29a4afb85477182938fc6acd1d468f42a36a7,2026-02-18T20:29:11.000Z,1771446540,eip155:1,eip155:1,USDT,CBBTC,885.303682,0.01334773,1,66262.95,885.303682,884.4599656,9.530248
0x84215f76dadead8d7a94136adec65a94a46cf82fefe09f70deef2e15e940eed4,0x84215f76dadead8d7a94136adec65a94a46cf82fefe09f70deef2e15e940eed4,2026-02-19T19:29:47.000Z,1771529340,eip155:1,eip155:1,USDT,CBBTC,183,0.00273569,1,66912.01,183,183.05051664,-2.760472
0x9957f8ca38d3ba19778aac03391e10076185b4b5b64b195f2f11c8d1e1ce98b8,0x9957f8ca38d3ba19778aac03391e10076185b4b5b64b195f2f11c8d1e1ce98b8,2026-02-20T06:55:59.000Z,1771570500,eip155:1,eip155:1,USDT,CBBTC,11676.724194,0.17201975,1,67833.99,11676.724194,11668.7860013,6.798305
0x03e3b2f4c3fc7a2ad4b297483da46245378e9ceba8e9701760584fcf18ce8a7a,0x03e3b2f4c3fc7a2ad4b297483da46245378e9ceba8e9701760584fcf18ce8a7a,2026-02-20T07:20:11.000Z,1771572000,eip155:1,eip155:1,USDT,CBBTC,2000,0.02946124,1,67848.14,2000,1998.89033609,5.54832
0x7352aa79c302eb9a82ad01d6ccb23e9fa59e4423d82667697e3ec480679e08fa,0x7352aa79c302eb9a82ad01d6ccb23e9fa59e4423d82667697e3ec480679e08fa,2026-02-21T17:54:59.000Z,1771696440,eip155:1,eip155:1,USDT,CBBTC,1152.65,0.01676157,1,68444.35,1152.65,1147.23476363,46.980752
0xf3e3d184d7585ec32fd6869d2e3ee7353400da2d620d4ec51e1d336f1f5cce9b,0xf3e3d184d7585ec32fd6869d2e3ee7353400da2d620d4ec51e1d336f1f5cce9b,2026-02-23T13:37:59.000Z,1771853820,eip155:1,eip155:1,USDT,CBBTC,250,0.00377353,1,66203.98,250,249.82270465,7.091814
0xa8b0ae11ef5174bbd0b1bb45ddd3932e4aa379dfef9b4fcd5389562a66167594,0xa8b0ae11ef5174bbd0b1bb45ddd3932e4aa379dfef9b4fcd5389562a66167594,2026-02-23T14:12:35.000Z,1771855920,eip155:1,eip155:1,USDT,CBBTC,200,0.00301964,1,66240.15,200,200.02140655,-1.070327
0x26377a1e8e33a2c9678b5876980380640a5fa03a8bb14c6d0d101354654a04de,0x26377a1e8e33a2c9678b5876980380640a5fa03a8bb14c6d0d101354654a04de,2026-02-26T00:57:47.000Z,1772067420,eip155:1,eip155:1,USDT,CBBTC,500,0.00732166,1,68344.68,500,500.39650977,-7.930195
0xa21e018acded64102d3843afa1679d5aca3adc836be4ee1007d76e993fcd60a2,0xa21e018acded64102d3843afa1679d5aca3adc836be4ee1007d76e993fcd60a2,2026-02-26T01:14:23.000Z,1772068440,eip155:1,eip155:1,USDT,CBBTC,5.370453,0.00007837,1,68565.69,5.370453,5.37349313,-5.660836
0x0efad6551def24b45052be3b6964fbd5d6e01e1811c96421e55d971e2b58745d,0x0efad6551def24b45052be3b6964fbd5d6e01e1811c96421e55d971e2b58745d,2026-02-26T16:42:23.000Z,1772124120,eip155:1,eip155:1,USDT,CBBTC,895.381818,0.01332035,1,67109.7,895.381818,893.92469239,16.27379
0x15843be5d2facc69da805c983b3debc1ebab6260649207722a8a5a3aaad5147d,0x15843be5d2facc69da805c983b3debc1ebab6260649207722a8a5a3aaad5147d,2026-02-28T10:46:11.000Z,1772275560,eip155:1,eip155:1,USDT,CBBTC,136.0506,0.00212698,1,63908.04,136.0506,135.93112292,8.781812
0xf8cbcad8a01a26ce8ef22f072f45e6dac71d9587958b6a363f45a91e6e6d3aef,0xf8cbcad8a01a26ce8ef22f072f45e6dac71d9587958b6a363f45a91e6e6d3aef,2026-03-01T16:20:47.000Z,1772382000,eip155:1,eip155:1,USDT,CBBTC,566.100721,0.00844501,1,66970.51,566.100721,565.56662666,9.434617
0xbfc3488d06017281b75cb1a24fe7147c18dc985550f28bc908f76e1a76864d74,0xbfc3488d06017281b75cb1a24fe7147c18dc985550f28bc908f76e1a76864d74,2026-03-02T07:25:23.000Z,1772436300,eip155:1,eip155:1,USDT,CBBTC,1000,0.01520292,1,65808.76,1000,1000.48531358,-4.853136
0xf90f01f9f2121e34cdd5eeeead0d6c09c71f61c6552d0ea028e378df4c8cbe07,0xf90f01f9f2121e34cdd5eeeead0d6c09c71f61c6552d0ea028e378df4c8cbe07,2026-03-04T11:11:47.000Z,1772622660,eip155:1,eip155:1,USDT,CBBTC,494,0.00691928,1,71351.55,494,493.70135288,6.045488
